,song_uri,name,cluster
26,2RZG69vGcBkMGZQf7JiO3v,You Are Losing Me,0
44,4UyAtnwhaKv7EG1BdkBYRI,Ready To Let Go,6
87,2SPqhlmGmYCM4oU4HGCnsx,She'd Say (with Ladysmith Black Mambazo),2
155,0HZgYFimoJG9Ijy8InUWcV,Bad Reputation (feat. Joe Janiak),2
308,4MT0yNKM7GYPkRsk1Uvo7G,Wherever I Live,0
329,63J2iqaDDp92P1eZgvuELp,Guiding Light,0
335,0SwB9nk7EfDUnIGbz7Go9G,Rose Of Sharon,5
376,0ubdf6zWT1It2saK41SkO0,Problems,5
396,6jKVU3e0gnQLj3iifJBvVN,Loyal,5
481,4sxLB4ibrNZko2Y9wHfwZ3,Get Mine,6
485,21fq2CKL93mfnYHItpitxg,What You Wanted,7
532,5ffntNJnJOeFv7b7DCd0Bw,Takin' Shots,7
589,5mTWswr9wH6pggH8vsJYaj,Do You Love Him,0
603,6iyp6udVpLuq3MCUulZT4h,44 More,9
657,7CEV9VwA8XO9wwxTXgYKvY,I And Love And You,5
675,11P6ab6Sa2LDOjhiH0kpX7,He Is The Same,2
741,2XaInsPPUkZRkY4uFJ3AHK,Met Gala (feat. Offset),5
747,0l5bnKBjioHVnITImm513F,Double (feat. Offset),5
759,7CWiWkccuRRdrmaW6AjVEf,How U Feel,5
760,11cCVYamncF0ezwjj1irQ0,Where U From,9
769,6Fwcm2VWjJuiaHXu462fbe,A Baby Just Like You,6
791,7dHui7yOhsoj7HdWSuJTW7,Who's Stopping Me (& Metro Boomin),0
908,5Nv3x5T9qpqD8KxskUFbkB,Liger,9
967,2RttW7RAu5nOAfq6YFvApB,Happier,2
973,3Lfiu5sZ4M4B6JaKMBc0FU,Barcelona,6
996,6HZILIRieu8S0iqY8kIKhj,DNA.,9
1029,6CfqeFJeRSivf74w0TZBXZ,New Illuminati,9
1050,6LTuoV1GGFlDkFvtyrRrHE,Check On Me,9
1121,0L4DEwH4vjFUqthWgSKQzN,Let It Go,9
1158,1SkR9g1l9NipSZhZPJsbOT,Dream (feat. Yak Gotti),9
1176,1kWVgfctc2JUKCqlsZGWbU,Numbers,9
1187,7e8leMfs0mZpSZ9FZ42MiT,I Don't Get Tired (#IDGT) [feat. August Alsina],9
1221,2rizacJSyD9S1IQUxUxnsK,All We Know,2
1233,2IGr3q6ljcpLvHDFLtI0yW,Look Alive,7
1240,0GONea6G2XdnHWjNZd6zt3,Summer Of '69,5
1288,0GR7iJLhj80KD5LkA14ZRn,Digital Dash,5
1322,4yEzxeofwQUBcJrZA0KIqV,Uber Everywhere (feat. Travis Scott),9
1331,316r1KLN0bcmpr7TZcMCXT,The Sound,7
1337,55Q46o5adtSobImSKrrlqW,Top,7
1351,7sGZDsOCYpvqkIv8eH4jOG,Slave Master,9
1383,5wQRNkb7OhzJoT1P0OZ4Rw,All Time Low,2
1384,6y0igZArWVi6Iz0rj35c1Y,Never Be Like You (feat. Kai),7
1393,4QGJfw4TLQ07KM8m7Dq5Hu,White Privilege II (feat. Jamila Woods),6
1427,6qGgrhiZ20Qrir3MNGUJq4,Redemption,7
1429,4dWVEAVhqNUjvsBHUo477f,Faithful,6
1446,5xi6EyeIvVr6cCg44OZeEl,Wanna Be Us (feat. Burberry Perry),2
1475,6BY6dsns8hz3wfa0RqV7A2,Told Me,2
1477,4vFkpcOubAfvhLmoIol8qW,Eye Contact,2
1481,1wYZZtamWTQAoj8B812uKQ,Here,7
1482,10I3CmmwT0BkOVhduDy53o,Really Really,7
1616,1oPenAfTz9oa1RWNBGy0tO,Gold,9
1620,4RnCPWlBsY7oUDdyruod7Y,Drunk,0
1708,7wJphnipgpptcsRk6Aur3w,Ni Main Samajh Gayee,0
1713,0eGtFJBfYUKF2CvNZJEu3M,Kabhi Khushi Kabhie Gham,6
1757,52a6VcF23v5HB7KfDEmBHq,Carried Away,7
1758,2oq2dbjW3sxOY0BscMWd7Q,I'll Be Alright,5
1778,7yq4Qj7cqayVTp3FF9CWbm,Riptide,6
1793,0co7HZtcnssGq3vsKmknGx,Rely,7
1804,2Ml0l8YWJLQhPrRDLpQaDM,Oxford Comma,7
1830,7FOJvA3PxiIU0DN3JjQ7jT,Power Trip,6
1859,5QkekEa4chV2jzA6007bD6,Underdog,0
1867,73tgFzBug5Ifk1Retdtwk7,Fireworks,2
1870,6BdgtqiV3oXNqBikezwdvC,Over,0
1917,4oldUCHLnfpmb5LYVFfC8U,Where the Story Ends,9
1935,1ID1QFSNNxi0hiZCNcwjUC,Legend,6
1950,7JXZq0JgG2zTrSOAgY8VMC,Jungle,0
1958,2Kt1XplPBQBsDKQDa6TssB,Flawless,7
1999,1EbWiEra7ovNsMq3DeLSDy,Power Trip,6
2052,7qy89JB2o81ENnypnN0JjY,Black Treacle,0
2097,3H37ijjdmKz0dQLgUGzpjx,Initiation,9
2102,50iiDJGpAPdr2VTrz999XA,House Of Balloons / Glass Table Girls,2
2153,7IBaWJgk81AoQs6K3VOJds,Echoes (feat. Py),5
